DesignID,AlbumID,NPage,NewNPage,Caption
4062,130,00010,00001,Octopus
4063,130,00011,00002,Truck
4064,130,00012,00003,Tangram
4065,130,00013,00004,Apple Tree
4066,130,00014,00005,Envelope
4067,130,00015,00006,Sun
4068,130,00016,00007,Dinosaur
4069,130,00017,00008,Jellyfish
4070,130,00018,00009,Gitar
4071,130,00019,00010,Eagle
4074,130,00020,00011,Bird
4075,130,00021,00012,Turtle
4080,130,00022,00013,Lion
4121,88,00023,00010,Celtic Knot
4128,88,00024,00011,Celtic Knot
4200,130,00025,00014,Bookmark
4408,88,00026,00012,Celtic Knot
4990,88,00027,00013,Heart
5188,130,00028,00015,Charity
5244,130,00029,00016,Cherries
5294,130,00030,00017,Bellflower
5316,88,00031,00014,Bookmark
5355,130,00032,00018,Black Cat
1515,17,00168,00167,Roses Corner
1521,17,00169,00168,Fruit Blossom
1536,17,00170,00169,Wheelbarrow
1537,17,00171,00170,Flowers
1546,17,00172,00171,Purple Rose
1547,17,00173,00172,Yellow Rose
1548,17,00174,00173,Blue Rose
1556,17,00175,00174,Red Rose
1559,17,00176,00175,Flowers
1569,17,00177,00176,Pink Rose
1572,17,00178,00177,Tulips
1582,17,00179,00178,Welsh Daffodil
1586,17,00180,00179,Fuchsia
1611,17,00181,00180,Tropicana Rose
1622,17,00182,00181,Flowers Basket
1628,17,00183,00182,Bellflower
1631,17,00184,00183,Flower
1632,17,00185,00184,Blooming Hydrangeas
1633,17,00186,00185,Flower
1643,17,00187,00186,Flowers in Can
1644,17,00188,00187,Rose
1647,17,00189,00188,Flowers Border
1659,17,00190,00189,Flowers
1665,17,00191,00190,Calla Lilies
1667,17,00192,00191,Jasmine
1671,17,00193,00192,Delft Flowers
1675,17,00194,00193,Roses
1680,17,00195,00194,Rose
1692,17,00196,00195,Roses
1700,17,00197,00196,Flowers
1705,17,00198,00197,Blue Flowers
1719,17,00199,00198,Flowers
1721,17,00200,00199,Forget-me-Not
1724,17,00201,00200,Present of Love
1748,17,00202,00201,Rose
1753,17,00203,00202,Bouquet
1756,17,00204,00203,Floral Border
1758,17,00205,00204,Red Flowers
1765,17,00206,00205,Flowers
1767,17,00207,00206,Lavender
1768,17,00208,00207,Yellow Flowers
1783,17,00209,00208,Roses
1807,17,00210,00209,Flowers
1808,17,00211,00210,Roses
1815,17,00212,00211,Lilac
1842,17,00213,00212,Blossom
1860,17,00214,00213,Tulips
1866,17,00215,00214,Flowers
1889,17,00216,00215,Flowers Corner
1898,17,00217,00216,Flowers
1904,17,00218,00217,Bouquet
1907,17,00219,00218,Yellow Flowers
1911,17,00220,00219,Tulips
1915,17,00221,00220,Red Flower
1927,17,00222,00221,Sunflowers
1935,17,00223,00222,Tulips Border
1936,17,00224,00223,Blossom
1938,17,00225,00224,Flowers
1941,17,00226,00225,Morning
1944,17,00227,00226,Cosmos Flowers
1945,17,00228,00227,Dogwood Flowers
1946,17,00229,00228,Pink
1947,17,00230,00229,Tulips
1949,17,00231,00230,Boutuet
1950,17,00232,00231,Lilies
1951,17,00233,00232,White Chrysanths
1960,17,00234,00233,Rain of Roses
1965,17,00235,00234,Flowers
1987,17,00236,00235,Red Rose
1993,17,00237,00236,Rose
2004,17,00238,00237,Tulips
2005,17,00239,00238,Tulips
2006,17,00240,00239,Tulips
2007,17,00241,00240,Tulips
2044,17,00242,00241,Yellow Flowers
2049,17,00243,00242,Flowers
2064,17,00244,00243,Purple Daisies
2068,17,00245,00244,Frangipani
2082,17,00246,00245,Flower
2092,17,00247,00246,Flowers
2100,17,00248,00247,Roses
2121,17,00249,00248,Roze
2131,17,00250,00249,Flower
2135,17,00251,00250,Flowers
2140,17,00252,00251,Flowers
2142,17,00253,00252,Flowers
2147,17,00254,00253,Echinacea
2148,17,00255,00254,Flowers
2149,17,00256,00255,Ginger Flower
2150,17,00257,00256,Branch in Bloom
2151,17,00258,00257,Flowers
2155,17,00259,00258,Iris
2162,17,00260,00259,Border
2165,17,00261,00260,Texas Bluebonnet
2187,17,00262,00261,Pancies
2192,17,00263,00262,Flower
2193,17,00264,00263,Spring Blossom
2194,17,00265,00264,Flower
2199,17,00266,00265,Flowers
2200,17,00267,00266,Roses
2201,17,00268,00267,Sunflowers
2203,17,00269,00268,Flowers
2204,17,00270,00269,Flowers
2207,17,00271,00270,Flowers
2211,17,00272,00271,Flowers
2222,17,00273,00272,Bellflowes
2224,17,00274,00273,Pink Flowers
2225,17,00275,00274,Roses
2238,17,00276,00275,Flowers
2243,17,00277,00276,Roses
2245,17,00278,00277,White Flowers
2247,17,00279,00278,Flower
2253,17,00280,00279,Flowers
2263,17,00281,00280,Lotus
2264,17,00282,00281,Rose
2266,17,00283,00282,Carnation
2275,17,00284,00283,Flowers
2278,17,00285,00284,Flowers
2287,17,00286,00285,Rose
2288,17,00287,00286,Roses
2289,17,00288,00287,Roses
2293,17,00289,00288,Flowers
2295,17,00290,00289,Rose
2298,17,00291,00290,Blossom
2301,17,00292,00291,Flowers
2303,17,00293,00292,Flowers
2306,17,00294,00293,Aloe Vera Flower
2309,17,00295,00294,Flowers
2312,17,00296,00295,Peonies
2320,17,00297,00296,Pink Rose
2326,17,00298,00297,Flowers
2332,17,00299,00298,Flowers
2342,17,00300,00299,Morning Daisy
2350,17,00301,00300,Flowers
2353,17,00302,00301,Sunflowers
2378,17,00303,00302,Camellia
2386,17,00304,00303,Camomiles
2389,17,00305,00304,Protea
2392,17,00306,00305,Rose
2397,17,00307,00306,Rose
2402,17,00308,00307,Flowers
2406,17,00309,00308,Flowers Corner
2421,17,00310,00309,Roses
2423,17,00311,00310,Sunflowers
2425,17,00312,00311,Flowers
2429,17,00313,00312,Rose
2430,17,00314,00313,Flowers Corner
2436,17,00315,00314,Daisy
2437,17,00316,00315,Flowers
2439,17,00317,00316,Dasies
2441,17,00318,00317,Flower
2445,17,00319,00318,Flowers
2457,17,00320,00319,Flowers
2459,17,00321,00320,Flower
2470,17,00322,00321,Blue Flowers
2471,17,00323,00322,Pink Flowers
2475,17,00324,00323,Rose
2482,17,00325,00324,Blue Flowers
2486,17,00326,00325,Blue Flowers
2488,17,00327,00326,Blue Flowers
2506,17,00328,00327,Garland
2507,17,00329,00328,Garland of Red Flowers
2508,17,00330,00329,Garland of Flowers
2509,17,00331,00330,Garland of Roses
2514,17,00332,00331,Roses
2518,17,00333,00332,Flowers
2519,17,00334,00333,Pancies
2520,17,00335,00334,Pancies
2521,17,00336,00335,Pansy
2522,17,00337,00336,Pancy
2534,17,00338,00337,Forget-Me-Not
2535,17,00339,00338,Flowers
2551,17,00340,00339,Pink Rose
2552,17,00341,00340,White Rose
2553,17,00342,00341,Red Rose
2554,17,00343,00342,Yellow Rose
2557,17,00344,00343,Hydrangeas
2563,17,00345,00344,Flower
2564,17,00346,00345,Spring
2565,17,00347,00346,Lotus
2566,17,00348,00347,Roses
2570,17,00349,00348,Rose
2576,17,00350,00349,Blue Flowers
2591,17,00351,00350,Flowers
2592,17,00352,00351,Flowers
2593,17,00353,00352,Flowers
2594,17,00354,00353,Flowers
2595,17,00355,00354,Carnation
2597,17,00356,00355,Flowers
2598,17,00357,00356,Flowers
2600,17,00358,00357,Red Roses
2601,17,00359,00358,Red Flowers
2603,17,00360,00359,Camomiles
2604,17,00361,00360,Roses
2605,17,00362,00361,Rose
2606,17,00363,00362,Flower Basket
2656,17,00364,00363,Roses
2664,17,00365,00364,Pink Carnation
2666,17,00366,00365,Tulips
2668,17,00367,00366,Reflection
2670,17,00368,00367,Rose
2675,17,00369,00368,Blue Flowers
2676,17,00370,00369,Kitten
2679,17,00371,00370,Flowers
2691,17,00372,00371,Roses
2695,17,00373,00372,Flower
2699,17,00374,00373,Flowers
2704,17,00375,00374,Flowers
2714,17,00376,00375,Dahlia
2718,17,00377,00376,Blossom
2721,17,00378,00377,Bellflowers
2722,17,00379,00378,Lilies of the Valley
2723,17,00380,00379,Flowers
2728,17,00381,00380,Flowers
2731,17,00382,00381,Flowers
2732,17,00383,00382,Rose
2742,17,00384,00383,Rose
2743,17,00385,00384,Roses
2744,17,00386,00385,Roses
2754,17,00387,00386,Bird of Paradise
2780,17,00388,00387,Roses
2781,17,00389,00388,Flowers
2813,17,00390,00389,Flowers
2824,17,00391,00390,Tulips
2830,17,00392,00391,Rose
2846,17,00393,00392,Pencies
2848,17,00394,00393,Lilies
2849,17,00395,00394,Lilies
2850,17,00396,00395,Flowers
2870,17,00397,00396,Flowers
2879,17,00398,00397,Flower
2882,17,00399,00398,Basket with Pansies
2885,17,00400,00399,Bellflowers
2888,17,00401,00400,Flowers
2914,17,00402,00401,Flowers
2944,17,00403,00402,Rose
2948,17,00404,00403,Abstract
2981,17,00405,00404,Rose
2986,17,00406,00405,Flowers
2988,17,00407,00406,Blossom
2990,17,00408,00407,Forget-me-not
3000,17,00409,00408,Flower
3003,17,00410,00409,Flowers
3010,17,00411,00410,Flowers
3011,17,00412,00411,Pink Flower
3012,17,00413,00412,Spring Flower
3035,17,00414,00413,Camomiles
3078,17,00415,00414,Tulips
3079,17,00416,00415,Yellow Lilies
3091,17,00417,00416,Red Flowers
3096,17,00418,00417,Yellow Rose
3098,17,00419,00418,Blue Roses
3105,17,00420,00419,Tulips
3113,17,00421,00420,Flowers
3117,17,00422,00421,Flowers
3121,17,00423,00422,Lotus
3122,17,00424,00423,Flower
3123,17,00425,00424,Pansies
3124,17,00426,00425,Roses
3125,17,00427,00426,Lilies
3126,17,00428,00427,Lily
3127,17,00429,00428,Red Lilies
3132,17,00430,00429,Rose
3133,17,00431,00430,Rose
3134,17,00432,00431,Rosebud
3136,17,00433,00432,Rose
3139,17,00434,00433,Sunflower
3140,17,00435,00434,Tulips
3159,17,00436,00435,Plumeria
3161,17,00437,00436,Sunflower
3166,17,00438,00437,Tulips
3168,17,00439,00438,Daisies in a Vase
3171,17,00440,00439,Flowers
3172,17,00441,00440,Tulips
3182,17,00442,00441,Rose
3185,17,00443,00442,Tulips
3188,17,00444,00443,Tulips
3224,17,00445,00444,Plumeria
3232,17,00446,00445,Lilies
3240,17,00447,00446,Flower
3261,17,00448,00447,Lilies
3289,17,00449,00448,Poppy
3295,17,00450,00449,Summer
3296,17,00451,00450,Flower
3305,17,00452,00451,Primroses
3311,17,00453,00452,Flowers
3320,17,00454,00453,Pansies
3323,17,00455,00454,Rose
3329,17,00456,00455,Flowers
3347,17,00457,00456,Flowers
3392,17,00458,00457,Rose
3393,17,00459,00458,Colorful Rose
3406,17,00460,00459,Lotus
3410,17,00461,00460,Tulip
3421,17,00462,00461,Tulips
3438,17,00463,00462,Flower
3445,17,00464,00463,Red Daisy
3466,17,00465,00464,Rose
3477,17,00466,00465,Blue Flowers
3484,17,00467,00466,Protea
3497,17,00468,00467,Flower
3500,17,00469,00468,Gerbera
3508,17,00470,00469,Flowers
3555,17,00471,00470,Flower
3574,17,00472,00471,Flower
3583,17,00473,00472,Rose of Sharon
3585,17,00474,00473,Bluebell
3589,17,00475,00474,Tulips
3598,17,00476,00475,Tulips
3605,17,00477,00476,Gerbera
3611,17,00478,00477,Flower
3617,17,00479,00478,Forget-Me-Not
3622,17,00480,00479,Tulips
3628,17,00481,00480,Sunflower
3629,17,00482,00481,Flowers
3642,17,00483,00482,Crocus
3651,17,00484,00483,Bellflower
3655,17,00485,00484,Thistle Flower
3663,17,00486,00485,Bellflower
3690,17,00487,00486,Bird of Paradise
3714,17,00488,00487,Flower
3716,17,00489,00488,Poppies
3720,17,00490,00489,Carnation
3725,17,00491,00490,Lavender
3728,17,00492,00491,Poppy
3775,17,00493,00492,Lotus
3781,17,00494,00493,Tulips
3789,17,00495,00494,Bookmark
3793,17,00496,00495,Tulip
3794,17,00497,00496,Sunflowers
3809,17,00498,00497,Pansies
3833,17,00499,00498,Hibiscus
3858,17,00500,00499,Bellflowers
3947,17,00501,00500,Flowers
3950,17,00502,00501,Flowers
3962,17,00503,00502,Dandelions
3976,17,00504,00503,Flower
3986,17,00505,00504,Flowers
3996,17,00506,00505,Carnations
4004,17,00507,00506,Flowers
4025,17,00508,00507,Rose
4033,17,00509,00508,Rose
4076,17,00510,00509,Tulips
4081,17,00511,00510,Roses
4083,17,00512,00511,Flowers
4088,17,00513,00512,Tulips
4093,17,00514,00513,Flower
4126,17,00515,00514,Rose
4141,17,00516,00515,Sunflower
4178,17,00517,00516,Flower
4189,17,00518,00517,Flowers
4229,17,00519,00518,Flower
4238,17,00520,00519,Iris
4249,17,00521,00520,Chamomile
4265,17,00522,00521,Flower
4286,17,00523,00522,Bellflower
4287,17,00524,00523,Rose
4290,17,00525,00524,Poppy
4293,17,00526,00525,Chamomile
4298,17,00527,00526,Flower
4302,17,00528,00527,Tulips
4305,17,00529,00528,Flowers
4311,17,00530,00529,Sunflowers
4317,17,00531,00530,Flower
4322,17,00532,00531,Flowers
4324,17,00533,00532,Calla Flowers
4325,17,00534,00533,Flowers
4370,17,00535,00534,Gerbera
4376,17,00536,00535,Tulip
4379,17,00537,00536,Rose
4382,17,00538,00537,Roses
4386,17,00539,00538,Lilia
4388,17,00540,00539,Flowers
4398,17,00541,00540,Tulips
4427,17,00542,00541,Lily
4445,17,00543,00542,Flower
4451,17,00544,00543,Tulips
4460,17,00545,00544,Flowers
4494,17,00546,00545,Rose
4497,17,00547,00546,Tulips
4503,17,00548,00547,Roses
4566,17,00549,00548,Red Flower
4569,17,00550,00549,Red Flowers
4573,17,00551,00550,Chamomiles
4577,17,00552,00551,Tulip
4590,17,00553,00552,Tulip
4602,17,00554,00553,Tulip
4608,17,00555,00554,Tulips
4609,17,00556,00555,Forget-me-Not Flowers
4618,17,00557,00556,Rose
4619,17,00558,00557,Roses
4620,17,00559,00558,Rosebud
4624,17,00560,00559,Flower
4625,17,00561,00560,Flowers
4634,17,00562,00561,Flowers
4640,17,00563,00562,Rose
4646,17,00564,00563,Flower
4650,17,00565,00564,Tulips
4655,17,00566,00565,Tulips
4667,17,00567,00566,Flower
4673,17,00568,00567,Rose
4674,17,00569,00568,Rose
4695,17,00570,00569,Tulips
4700,17,00571,00570,Sunflowers
4718,17,00572,00571,Flower
4722,17,00573,00572,Rose
4742,17,00574,00573,Lotus Flower
4746,17,00575,00574,Rose
4754,17,00576,00575,Pansy
4773,17,00577,00576,Sunflowers
4776,17,00578,00577,Pensies
4777,17,00579,00578,Flower
4791,17,00580,00579,Rose
4799,17,00581,00580,Tulip
4810,17,00582,00581,Chrysanthemum Flower
4812,17,00583,00582,Hydrangea
4819,17,00584,00583,Flower Pot
4824,17,00585,00584,Tulips
4828,17,00586,00585,Flowers
4829,17,00587,00586,Rose
4835,17,00588,00587,Rose
4842,17,00589,00588,Tulips
4847,17,00590,00589,Carnations
4848,17,00591,00590,Roses
4864,17,00592,00591,Flower
4871,17,00593,00592,Tulips
4878,17,00594,00593,Tulips
4881,17,00595,00594,Tulips
4892,17,00596,00595,Rose
4896,17,00597,00596,Lilies of the Valley
4910,17,00598,00597,Flower
4915,17,00599,00598,Bouquet
4921,17,00600,00599,Flowers
4934,17,00601,00600,Flowers
4952,17,00602,00601,Flower
4955,17,00603,00602,Rose
4958,17,00604,00603,Flower
5011,17,00605,00604,Flowers
5016,17,00606,00605,Flowers
5018,17,00607,00606,Roses
5019,17,00608,00607,Poppy
5021,17,00609,00608,Hollyhock
5022,17,00610,00609,Sunflowers
5037,17,00611,00610,Tulip
5040,17,00612,00611,Tulips
5047,17,00613,00612,Cornflower
5055,17,00614,00613,Gerbera Daisy
5056,17,00615,00614,Bluebell
5058,17,00616,00615,Flowers
5060,17,00617,00616,Flowers
5062,17,00618,00617,Flower
5063,17,00619,00618,Pancies
5064,17,00620,00619,Sunflowers
5066,17,00621,00620,Roses
5068,17,00622,00621,Flowers
5070,17,00623,00622,Tulips
5074,17,00624,00623,Blue Flowers
5079,17,00625,00624,Water Lilies
5080,17,00626,00625,Flowers
5081,17,00627,00626,Lotus
5083,17,00628,00627,Flower Buds
5084,17,00629,00628,Hydrangea
5087,17,00630,00629,Flower
5088,17,00631,00630,Tulips
5093,17,00632,00631,Lotus
5094,17,00633,00632,Roses
5097,17,00634,00633,Roses Bouquet
5107,17,00635,00634,Lilies
5112,17,00636,00635,Rose
5119,17,00637,00636,Flower
5122,17,00638,00637,Sunflowers
5126,17,00639,00638,Flowers
5130,17,00640,00639,Roses
5134,17,00641,00640,Roses
5135,17,00642,00641,Sunflowers
5136,17,00643,00642,Flowers
5137,17,00644,00643,Flower
5144,17,00645,00644,Tulips
5149,17,00646,00645,Flowers
5152,17,00647,00646,Flowers
5153,17,00648,00647,Flowers
5160,17,00649,00648,Flowers
5165,17,00650,00649,Flower
5174,17,00651,00650,Flower
5179,17,00652,00651,Flowers
5180,17,00653,00652,Flower
5181,17,00654,00653,Flower
5184,17,00655,00654,Flower
5185,17,00656,00655,Flower
5187,17,00657,00656,Roses
5189,17,00658,00657,Flower
5193,17,00659,00658,Flower
5195,17,00660,00659,Flowers
5209,17,00661,00660,Flowers
5211,17,00662,00661,Cyclamen
5212,17,00663,00662,Nasturtium Pot
5213,17,00664,00663,Flowers
5218,17,00665,00664,Flower
5219,17,00666,00665,Calla Lily
5220,17,00667,00666,Tulips
5221,17,00668,00667,Carnation
5223,17,00669,00668,Flower
5224,17,00670,00669,Flower Bouquet Vase
5231,17,00671,00670,Flowers
5235,17,00672,00671,Flowers
5237,17,00673,00672,Flowers
5241,17,00674,00673,Lily
5242,17,00675,00674,Flowers
5243,17,00676,00675,Flower
5248,17,00677,00676,Pansies
5263,17,00678,00677,Sunflower
5265,17,00679,00678,Flowers
5266,17,00680,00679,Rose
5276,17,00681,00680,Deer
5286,17,00682,00681,Flower
5287,17,00683,00682,Tulips
5296,17,00684,00683,Bellflower
5298,17,00685,00684,Tulips
5299,17,00686,00685,Tulips
5301,17,00687,00686,Tulips
5307,17,00688,00687,Rose
5310,17,00689,00688,Flower
5319,17,00690,00689,Tulips
5324,17,00691,00690,Rose
5325,17,00692,00691,Rose
5329,17,00693,00692,Lilies
5330,17,00694,00693,Sunflower
5337,17,00695,00694,Tulips
5342,17,00696,00695,Lilies
5347,17,00697,00696,Flower
5364,17,00698,00697,Flowers
5365,17,00699,00698,Flower
5367,17,00700,00699,Flowers
5381,17,00701,00700,Sunflower
